No.,pH,TSS,DO,BOD,COD,Nitrat,FecalColiform,Fosfat,IP,Class
1,7.2,23,7,6,20,8,350000,0.4,5.21,3
2,7.3,17,7.1,8,25.5,6,280000,0.4,5.33,3
3,7.6,28,7,2,9,4,79000,0.3,3.71,2
4,7.1,29,7.4,5,28,6,240000,0.3,4.83,2
5,7.2,16,7.1,3.5,22,5,1600000,0.3,4.73,2
6,7.3,32,7.5,1,10,4,170000,0.5,4,2
7,7.6,35,7.5,5,15,5,23000,0.205,4.1,2
8,7,15,7.1,8,22,3,79000,0.3,3,2
9,7.8,9,7.8,1,9,0.9,24000,0.1,1,1
10,7.1,29,6.1,5,24.6,3,35000,0.16,2.9,2
11,7.3,22,6.6,5.7,24.96,3,18330,0.4,2.97,2
12,7.3,12,6.9,1,8,1,18138,0.07,1.93,2
13,4.3,35,7.1,5,11,2,24000,0.23,2.45,2
14,5,25,7.6,6.7,20,2,35000,0.25,3.46,2
15,7.3,5,3.8,7,14,1,160000,0.8,3.56,2
16,8,11,6.9,2.6,7,0.9,22000,0.07,1.7,2
17,7.4,5,5.8,9,13,0.9,4900,0.23,1.84,2
18,7.9,4,7,1,5,0.9,780,0.07,1.65,2
19,7.9,52,7.2,2,18,0.9,33000,0.24,3.75,2
20,7.3,18,6.3,12,24.5,0.9,4500,0.22,2.57,2
21,8.1,82,6.5,2,8,0.9,7900,0.23,3.79,2
22,7.7,54,3.9,5,18,0.9,54000,0.22,3.67,2
23,6.9,54,0.1,9,28,0.9,240000,0.3,4.34,2
24,7.1,4,0.3,2,24,0.9,200,0.17,0.74,1
25,7.7,39,5.7,1.3,10.7,4.5,762594,0.16,5.08,3
26,5.6,16,5.6,6.9,7,5.3,760030,0.59,4.03,2
27,5.1,36,4.3,1,25.4,6.4,409310,0.48,5.31,3
28,7.7,81,3.5,6.3,5.6,7.2,802933,0.24,5.9,3
29,8.1,44,5.1,1.6,10.6,1.5,822132,0.11,4.5,2
30,6.2,70,1.7,4.2,20.1,4,104273,0.52,3.26,2
31,4.9,45,5.5,8.9,3.1,3.7,839561,0.7,6.21,3
32,7.2,9,7.2,4.1,12.3,7.6,307813,0.62,4.5,2
33,6.1,42,0.9,2.6,12.3,5.3,109622,0.29,4.31,2
34,4.8,7,2.1,8,14.8,7.4,165058,0.47,3.27,2
35,5.5,74,7.6,1.2,8.1,3,638240,0.15,3.98,2
36,5,82,2.8,8.3,1.9,8,481469,0.18,3.28,2
37,7.9,4,1,3.4,1.4,6.3,196152,0.59,3.44,2
38,5,20,6.1,8.2,16.6,6.3,935015,0.16,3.59,2
39,7.5,28,7.3,7.2,14.4,7.4,457714,0.4,4.42,2
40,4.7,51,6.3,2.2,3.7,7.8,523011,0.47,5.44,3
41,4.6,32,1.5,5.1,9.1,6.8,117739,0.5,3.07,2
42,7.3,35,0.9,5,16.2,6.5,901736,0.7,4.81,2
43,6.4,46,2.7,2.1,3.7,1,231559,0.3,3.14,2
44,5.5,8,7.3,6.3,23.4,5.7,867281,0.74,3.35,2
45,7.6,67,7.8,8,19.7,7.6,376725,0.49,3.31,2
46,5.9,66,2.7,6.9,8.1,7,679924,0.29,2.2,2
47,5,33,7.4,4.9,4.6,1.5,308979,0.25,1.18,2
48,7.4,63,5,4,25.6,5.1,73799,0.42,1.72,2
49,7.7,72,4.1,3.8,23.3,4.3,436375,0.36,1.73,2
50,8.1,50,3.5,8.6,25.8,8,532787,0.57,2.68,2
51,7.1,7,7.4,6.9,11.4,0.9,149383,0.24,0.08,1
52,7.7,26,5.1,7.9,24.6,2.5,957419,0.24,1.03,2
53,6.4,29,4,3.8,7.1,2.3,46894,0.13,0.42,1
54,6.6,41,1.5,7.3,21.9,1.6,357457,0.78,0.59,1
55,4.9,51,7.3,5.1,22.9,2,360993,0.75,1.03,2
56,6.1,37,5.3,2.6,23.5,1,754035,0.52,0.92,1
57,4.4,34,2.3,8.2,17.5,2.9,471484,0.22,1.02,2
58,6.5,64,3.5,6.3,15.5,5,784056,0.49,1.33,2
59,5,26,1.4,4.9,11,3.9,987140,0.39,1.12,2
60,6,45,5,8.1,1.7,5.1,70680,0.2,1.54,2
61,7.6,82,7.2,3.6,13.7,7.4,998344,0.29,2.37,2
62,7.6,23,2.5,4.2,6.8,1.1,465549,0.76,2.07,2
63,6.8,62,6,1,10.7,2.5,85886,0.32,1.8,2
64,6.1,37,1,5.5,5.2,7.1,769917,0.32,2.1,2
65,4.7,36,4.5,5.7,11.2,5.8,197336,0.47,2.55,2
66,8.1,75,2.9,5.8,15.6,7.2,11459,0.23,2.09,2
67,6.6,30,6.5,5.1,26.1,8,58229,0.66,2.45,2
68,6.3,19,0.6,3.2,24.5,7.8,712262,0.4,2.18,2
69,5.8,13,5.9,8.4,26.9,5,490315,0.23,2.06,2
70,6.2,60,5.8,5.1,16.9,4.1,469021,0.79,3.42,2
71,6.5,49,4,7.4,22.7,4.6,964210,0.6,3.1,2
72,7.1,65,0.8,2.3,6.3,7.3,264791,0.37,2.41,2
73,7.6,54,2,7.6,8.1,4.5,867001,0.73,2.95,2
74,8,4,7,6.2,26.4,0.9,50818,0.12,1.3,2
75,5.1,60,2.7,7,2.1,3.7,49890,0.54,2.21,2
76,4.6,47,7.2,5.3,1.4,3.7,634896,0.62,2.22,2
77,7.8,37,2.5,2.3,2.2,6.3,758387,0.49,2.11,2
78,5.9,12,2.9,8.2,6.9,3.2,186250,0.75,2.36,2
79,8,61,5.2,3.9,4.6,5.6,381366,0.26,2.11,2
80,6,48,4.4,1,5,2.4,542984,0.18,1.6,2
81,5,33,7,8.3,7.2,4.5,434161,0.25,2.1,2
82,7.9,45,0.8,3.4,10,4.9,435955,0.32,2.31,2
83,6.5,71,6.1,2.9,6.8,5.8,985171,0.12,2.31,2
84,6.3,23,0.1,7.1,2.2,2.1,700417,0.18,1.65,2
85,5.5,39,2.5,6.5,9.9,7.8,125103,0.8,3.04,2
86,7.8,4,1.5,5.9,7,4.9,658946,0.17,0.45,1
87,5.2,33,3.5,1.6,5.9,3,972901,0.77,2.21,2
88,7.4,53,2,5.1,14.4,4.1,310035,0.66,3.22,2
89,4.4,49,4.2,7,16.8,7.7,746517,0.17,2.17,2
90,7.8,36,3.7,7.8,17.2,4.2,882824,0.43,2.87,2
91,7.2,13,4,7.4,13.5,1.6,425876,0.51,0.3,1
92,6.7,52,5.2,4.7,7.8,2.3,479965,0.8,3.46,2
93,5.7,59,5.3,3.4,14.2,5.9,283570,0.5,2.5,2
94,7.6,35,6.1,8.6,3.7,3.5,326189,0.44,2.86,2
95,5.8,8,4.9,7.8,19.8,6.1,496138,0.29,0,1
96,5.5,32,0.8,7.6,26.9,0.9,368089,0.2,1.25,2
97,8,79,7.7,3.6,7.6,7.6,426627,0.15,2.48,2
98,4.9,35,7.5,7.3,13,7.2,93699,0.78,3.07,2
99,7.5,57,0.8,7.8,27.8,5.2,390862,0.22,2.06,2
100,7.4,47,1.1,4,11.7,4.4,612469,0.61,2.3,2
101,6.6,73,6.8,7.5,9.7,7.4,504485,0.18,2.27,2
102,7.4,33,5.5,2.2,19.9,7.6,126966,0.19,1.67,2
103,6.1,31,1.7,1.8,24.4,5.5,697605,0.75,2.37,2
104,4.8,21,6.2,4.7,12.4,1.7,794692,0.54,2.21,2
105,5.6,24,3.3,7.1,11.4,6.9,666263,0.12,2.04,2
106,6.6,20,1,4.8,10.2,7.7,68333,0.11,1.11,2
107,6.3,51,3.2,6.5,27.1,7.7,56255,0.42,2.5,2
108,4.4,28,6,4.2,3.3,3.9,379357,0.46,1.68,2
109,5.2,36,1.4,7.1,9.1,7.4,624712,0.15,1.71,2
110,5.6,23,1.4,5.9,7.5,6.2,933325,0.62,2.34,2
111,5.8,78,4,7,22.4,1.7,699804,0.56,2.35,2
112,5.3,4,7.1,1.9,10.6,4.7,386498,0.56,1.44,2
113,6.2,14,0.3,5.5,19.2,3.7,304902,0.33,1.29,2
114,7.3,31,1.3,4.8,8.2,6.7,66834,0.61,2.27,2
115,7.4,76,1,7,10.8,1.3,36376,0.27,2,2
116,5.7,16,2.3,2.4,3,8,463726,0.17,1.36,2
117,6.7,76,1,8.1,22.5,1.3,742021,0.15,2.19,2
118,6.7,43,2.9,7.9,22.5,1.3,146083,0.8,3.1,2
119,6.9,5,2.7,1.7,19.8,4.4,843478,0.8,2.22,2
120,6.1,46,5.8,8.7,27.4,1.5,233757,0.46,2.3,2
121,5.6,54,0.5,2.5,1.8,2,162343,0.18,1.29,2
122,10,58,8.2,7.3,35,5,553310,1.14,5.62,3
123,4.5,21,6,3.4,5.9,4.7,629879,0.45,16,4
124,5.2,11,4.5,2.9,6.6,5,318525,0.77,10.1,4
125,4.4,79,3.6,5.6,13.5,5.6,817655,0.75,6.45,3
126,4.3,31,6.9,3.1,10.7,7.7,241926,0.34,4.18,2
127,5.9,47,3.2,2.3,2.6,4.2,553493,0.73,2.15,2
128,6.4,20,1.1,5.9,15,5.7,633905,0.6,3.77,2
129,6.9,35,3.1,6.4,27.2,5.4,968367,0.51,5.7,3
130,6.6,64,3.7,6.3,13.9,5.2,926378,0.77,6.04,3
131,6.5,15,4.6,3.9,22.1,5,533192,0.61,3.12,2
132,5.7,75,7.8,5.3,8.8,7,10551200,0.27,5.25,3
133,4.4,12,2.8,4.3,12.5,2.6,591801,0.48,4.77,2
134,6,44,7.1,3.9,15.3,4.9,329660,0.3,4.34,2
135,6.7,43,3,7.9,27.2,1.2,649174,0.67,4.69,2
136,5.4,53,0.9,5.6,10.2,6.1,700319,0.43,4.59,2
137,7,36,5.4,2.7,2.1,6.2,711056,0.51,4.14,2
138,5.6,31,2,1.3,23,2,23370,0.21,3.37,2
139,5,34,2.9,8.2,8.7,2.6,506106,0.53,3.8,2
140,5.3,59,2.9,5.1,17.9,2.7,165782,0.78,3.34,2
141,5.4,70,6.4,4.2,4.9,1.4,74137,0.19,3.64,2
142,5.3,30,3.8,1.7,22.4,5.2,209260,0.68,3.13,2
143,7.7,18,6.7,6.5,20.8,4.3,161649,0.29,3.13,2
144,5.1,23,6.9,6.2,26,7.9,200749,0.8,3.85,2
145,6.9,75,0.6,8.8,24.9,7.9,538772,0.2,15.05,4
146,8.1,79,1.7,6.9,27.7,5.9,731790,0.77,10.46,4
147,5.6,29,7.8,6.7,11.8,5,600453,0.79,4.42,2
148,7.3,12,5.1,7.3,27.6,6.8,80888,0.23,3.18,2
149,7.9,53,6,3.6,3,3,171116,0.18,2.34,2
150,6.2,61,6.6,8.6,10,4.8,539992,0.67,4.55,2
151,4.9,64,0.9,7.9,5.5,1.6,942821,0.42,4.21,2
152,6.6,13,0.9,1.8,12.1,1.1,639824,0.14,2.56,2
153,7.3,42,7.4,5,7.5,7.8,185200,0.36,3.33,2
154,6.4,24,0.7,1.3,3.9,5.3,239200,0.72,3.46,2
155,5.2,80,4.6,2.4,26.3,7.5,800274,0.55,4.55,2
156,4.5,23,1,7.7,24,7.6,292639,0.17,3.3,2
157,5.5,63,3.8,5.3,16,3.7,59907,0.37,3.03,2
158,8.1,30,3.8,1.1,6.2,2.6,131919,0.29,3.14,2
159,4.5,67,1.8,7.3,20.7,6.2,546811,0.19,4.55,2
160,7,14,6.6,2.2,23.6,1.1,77424,0.43,0.46,1
161,7.5,9,5.1,5.9,23.6,4.4,386261,0.65,3.1,2
162,5,35,3.9,6.7,5.6,4.7,24033,0.33,3.73,2
163,6.3,30,7.5,1.9,4.7,6.9,878817,0.12,2.88,2
164,7.7,42,6.5,6.1,6.9,3.7,764297,0.73,4.35,2
165,5.7,70,4.9,3.6,19.1,7.8,86516,0.47,5.28,3
166,5.8,41,4.1,5.5,3.1,5.8,408653,0.51,4.24,2
167,4.7,63,6,7.8,24.4,7.5,771661,0.5,6.11,3
168,6.7,46,3.2,2.7,2,2.7,457386,0.48,4.77,2
169,5.6,56,3,3.1,15.9,4.4,868287,0.18,5.01,3
170,7.4,38,5.3,8,18.2,5.8,599579,0.36,2.85,2
171,6.9,13,7.8,6.7,16.4,3.9,127448,0.77,4.04,2
172,7.3,81,7.3,6.5,23.4,4.8,230232,0.72,4.89,2
173,8.1,43,1.7,7.1,2.3,2.4,968032,0.29,3.73,2
174,8,25,3.3,4.7,7.7,6.6,613327,0.71,3.45,2
175,6.6,37,2.9,2.1,26.6,2,46676,0.26,3.62,2
176,7.5,71,2.7,8.2,9.6,3.2,194408,0.55,4,2
177,5.9,19,3.8,6.8,9.6,7.5,403356,0.37,3.77,2
178,5.8,61,4.2,4.3,2.8,3.9,752932,0.7,3.95,2
179,5.6,17,4.4,2.6,22.4,2.5,670077,0.45,4.46,2
180,5.7,38,0.1,1.2,28,5,856508,0.76,2.66,2
181,5.2,76,4.5,3.2,7,7.3,792755,0.73,5.73,3
182,7.1,9,7.3,1.3,13.7,4.8,387316,0.52,3.1,2
183,4.4,66,6.3,1.2,16.9,5.2,547780,0.24,4.39,2
184,8,16,7.2,1.5,17.2,1.8,574707,0.26,3.65,2
185,8.1,15,7.7,2,10.4,6,377724,0.55,4.17,2
186,4.6,72,7.7,2.1,18,3.8,934638,0.19,5.33,3
187,6.5,66,5.3,2.5,11.6,5.9,667654,0.63,4.41,2
188,7.9,75,6.6,5.8,4.5,7.6,227577,0.45,3.87,2
189,5.9,51,0.6,3.3,13.1,1.1,863255,0.54,3.48,2
190,7.1,23,6.3,1.3,10.7,6.4,632225,0.42,3.16,2
191,7.3,57,6.6,5.8,12.3,2,479670,0.54,4.38,2
192,7.3,31,6.6,3.9,4.7,8,578446,0.57,3.37,2
193,7.9,10,5.5,8.8,7.4,4.6,830990,0.64,3.66,2
194,4.6,71,6.2,2.3,19.5,4.6,19373,0.57,4.94,2
195,4.4,51,2.4,3,20.3,5.1,179449,0.56,4.89,2
196,7.1,69,0.9,8,20.8,5.5,434028,0.77,6.43,3
197,4.6,17,0.2,6.5,6.5,7.5,916581,0.23,3.86,2
198,6.9,43,2.1,1,9.7,6.7,783859,0.58,4.05,2
199,6.5,69,5.6,3.1,17.9,3.6,380516,0.8,5.5,2
200,6.2,70,5,3.1,1,2.8,364563,0.38,3.75,2
201,7,35,1,6.6,6.5,1.3,64900,0.23,3.27,2
202,5,76,3.1,4.3,8.8,4.6,419286,0.49,4.23,2
203,7.8,53,6.2,1.9,24.4,6.3,730970,0.54,5.22,3
204,6.6,59,4.9,1.6,24.6,6.2,587395,0.69,5.6,3
205,7,63,2.2,2.8,22.1,1,572159,0.59,5.48,3
206,6.5,23,5.9,2.7,13.9,1.3,229755,0.17,4.18,2
207,7.4,29,5.5,3,22.6,2.2,927702,0.48,5.1,3
208,4.5,50,6.3,7.9,19.4,6.4,244081,0.27,5.28,3
209,7.7,61,0.1,7.5,4.6,1,741116,0.37,4.47,2
210,6.6,65,5.6,4.8,10.8,6.1,529455,0.52,5.28,3
211,4.4,5,5.3,2,26.5,4.7,162416,0.68,5.85,3
212,5.6,61,7,6.7,22,5.6,224458,0.59,5.41,3
213,4.3,14,6,4.5,14.3,3.9,101432,0.75,5.11,3
214,8.1,76,0.5,4.4,2.9,7.5,273745,0.2,5.1,3
215,4.7,4,3.9,1.8,19,2.4,139872,0.36,6.08,3
216,4.9,38,0.7,4,8.5,1.6,832873,0.57,4.58,2
217,7.8,25,4.4,8.8,9.6,5.9,138434,0.47,3.73,2
218,5.7,79,1.5,4.3,2.4,5,159796,0.39,5.73,3
219,7.5,52,5.2,3.6,6.1,1,129918,0.38,5.05,2
220,7,35,5.4,7.9,21.7,4.7,45041,0.1,7.04,3
221,5.3,70,6.2,3,20.9,4.2,762281,0.41,5.67,3
222,4.5,61,4.1,5.7,17.8,2.3,4008,0.1,5.95,3
223,4.4,47,4.7,3.4,5.8,1.4,482117,0.78,8.6,3
224,8.1,64,5.2,6.5,8.4,3.1,1141854,0.42,4.92,3
225,6.9,18,5.6,8.8,19.4,2.3,1301413,0.46,5.5,3
226,5.2,20,6.6,7.4,11.8,1,1142684,0.64,6.02,3
227,6.5,56,4.8,2.8,18.6,6.5,1280898,0.6,5.5,3
228,7.7,48,2.1,6.1,25.3,2,1240796,0.11,6.58,3
229,7.2,39,5.8,8.3,25.8,5.7,1052632,0.12,5.9,3
230,6.9,53,5.8,8.9,11.2,5.9,890752,0.16,4.81,3
231,7.3,79,3.5,3.9,13.7,1,367061,0.59,5.11,3
232,5.6,26,7.4,1.5,16.7,7.9,1395022,0.51,5.25,3
233,5.3,68,7.8,1.9,7.6,5.4,729374,0.72,4.22,2
234,6.1,53,1.4,7.2,8.5,3.2,976424,0.21,6.8,3
235,5.6,71,1,8.1,8.4,6.9,1315927,0.27,5.65,3
236,6.6,62,2.9,1.9,10.3,5.5,528386,0.73,5.53,3
237,7.3,77,5.2,8.6,25.7,1.4,149950,0.55,4.48,2
238,6.5,6,2.6,2.9,16.2,2.5,1450462,0.26,6.5,3
239,7.3,54,0.9,2.4,7.7,7.5,961462,0.68,4.31,2
240,7.3,65,1,8.9,25.9,5.2,478038,0.21,5.61,3
241,7.8,25,1.2,8.9,25,5.3,1256361,0.71,5.79,3
242,6.8,65,4.9,3.4,13.1,6.8,1264649,0.74,6.53,3
243,5.3,6,3.7,6.6,19.8,4.8,1005622,0.22,3.18,2
244,6.2,78,4.9,7.9,18.6,2.4,1023241,0.21,5.31,3
245,4.4,40,1.9,2.9,11.1,1.7,442928,0.53,7.64,3
246,6.3,59,7,8.6,26.2,4.7,5569,0.61,3.82,2
247,6.6,12,7.4,8.3,21.1,7.3,755489,0.48,5.41,3
248,6.1,73,0.5,8,23.2,2.1,750742,0.16,4.54,2
249,4.8,46,6.7,3,7,1.3,1408091,0.69,5.94,3
250,7.1,66,7.7,6.8,1.5,1.2,1108991,0.36,4.93,2
251,7.2,47,6.4,4.5,6.3,5.3,1554789,0.58,5.65,3
252,4.5,38,7.2,8.7,10.1,1.2,156190,0.22,4.55,2
253,7.3,16,7.6,2.5,16.7,1.4,170331,0.14,3.92,2
254,6,52,3.9,1.5,2.3,7.1,1205433,0.55,7.22,3
255,5.9,17,3,3,11.3,3.9,232813,0.8,8,4
256,7.2,75,3.5,4.6,7.4,5.9,1553429,0.12,5.6,3
257,7.4,66,5,4.3,25.5,7.7,261898,0.6,5.09,3
258,5.4,29,4.3,8.3,25.2,5,1411383,0.39,5.92,3
259,7.7,36,4.9,5.6,25.5,7.6,1405562,0.79,7.98,3
260,7.9,46,5.5,3.5,23,4.3,1043164,0.32,6.22,3
261,7.3,7,0.2,4.7,24.4,6.8,809917,0.69,6.56,3
262,4.3,45,2.1,8.4,24.2,5.6,564576,0.49,6.41,3
263,7.6,36,4.1,3,27.3,3.8,1210510,0.38,6.7,3
264,5.9,77,4.2,7.5,4.6,1.7,590852,0.1,5.52,3
265,4.5,36,6.1,3.7,11.8,6.8,914870,0.66,7.38,3
266,8.1,44,1.2,7.8,2.1,7.9,270009,0.42,6.12,3
267,5.6,68,2.8,3.7,10.8,2.4,1026002,0.38,6.08,3
268,5.7,47,3.6,5.2,27.1,5.8,156947,0.69,7.64,3
269,4.3,42,3.8,1.7,4.7,1.3,260147,0.75,6.24,3
270,5.7,76,4,2.2,18.1,7.4,1026856,0.23,6.64,3
271,6.7,77,0.5,2.7,4.7,5,809152,0.36,5.21,3
272,7.8,19,2.1,3.3,22.2,1.4,92940,0.25,5,2
273,6,44,3.8,8.6,7,8,358344,0.69,7,3
274,4.9,37,0.1,5.9,12.5,5,1309667,0.35,6.6,3
275,5.7,50,4.9,3.2,25.3,1.9,1432128,0.46,7.54,3
276,4.6,68,2.8,7.3,19.9,1,1109743,0.73,7.15,3
277,5.9,21,0.1,3,5.5,1.4,51868,0.73,5.42,3
278,5.7,15,1.4,2.3,11.7,1.2,711081,0.7,6.2,3
279,6.4,30,3.1,3.6,16.6,2,1323917,0.21,6.04,3
280,6,44,0.7,8.9,17.6,2,1405254,0.51,7.05,3
281,7.3,30,4.4,1.4,4.4,2.1,186312,0.5,5,2
282,7.7,55,2.5,5.2,3.4,2.1,551225,0.72,6.01,3
283,5.1,67,3,5.5,6.4,5.1,34707,0.47,7.04,3
284,5.2,38,0.2,5.3,25.9,1.1,218790,0.53,7.41,3
285,7.4,14,3.4,2.1,17.7,1,410396,0.38,6.6,3
286,4.3,53,7.6,7.9,11.4,5.7,1545881,0.49,7.57,3
287,5.4,70,6.3,1.1,9.8,7.6,920356,0.59,7.64,3
288,7.1,35,6,4.5,26.4,4.1,1102001,0.7,8.41,3
289,4.8,81,3.5,3.1,6.2,7,842050,0.6,7,3
290,5.2,73,2.6,1.8,3.6,3.5,1363703,0.61,6.58,3
291,6.5,6,2,8.5,7.6,3.2,1498959,0.32,7.59,3
292,4.3,44,1.8,5,27.2,2.8,1581073,0.76,7.36,3
293,5.8,81,2.9,8.6,12.8,3.7,943066,0.22,7.4,3
294,7.4,65,0.7,8.6,12.6,5.2,1134520,0.3,7.1,3
295,5.7,68,7.4,5,23.6,0.9,1426033,0.27,8,3
296,4.7,81,0.3,8.6,15.3,1.6,1070763,0.14,7.25,3
297,6.5,53,1.2,2.6,0.9,8,117112,0.33,6.7,3
298,8.1,11,0.2,6.2,22.4,1.4,62506,0.29,7.04,3
299,4.8,15,2.9,4.5,21.3,5.5,1118007,0.28,7.6,3
300,5.6,21,7.7,7.9,9.2,2.8,1415079,0.27,7.57,3
301,6.9,54,7.1,7.4,24.3,2.8,32643,0.41,3.8,2
302,6.6,78,0.2,3.1,5,1.4,93108,0.6,4,2
303,6.7,17,3.2,6.6,22.4,1.7,51946,0.31,4.67,2
304,4.4,50,6.3,2.4,26.6,4.2,54757,0.42,4.08,2
305,5.8,25,0.5,5.6,13,4.5,48046,0.46,4.55,2
306,7,76,6.1,8.4,20.5,5.3,77647,0.76,4.42,2
307,5.9,55,3,6.2,17.5,3.9,6837,0.48,4.77,2
308,4.3,36,2,8.7,13.7,0.9,74765,0.44,4.17,2
309,4.3,48,3.8,1.9,11,6,1694,0.64,4.49,2
310,7.3,81,0.5,4.8,18.9,6.4,986600,0.31,5.35,3
311,5.8,16,5,5.7,17.3,5.4,1359685,0.74,4.25,2
312,7.6,54,5.2,8.4,3.2,6.4,1471239,0.63,4.18,2
313,4.7,26,4.3,8.4,15.9,7.6,734665,0.18,3.53,2
314,7.2,14,3.4,6.9,24.8,5,1357919,0.65,5.05,2
315,4.8,27,0.9,8.2,3,7.3,245986,0.41,3.3,2
316,4.3,16,4.6,4.4,17.9,3.7,1025170,0.79,4.11,2
317,5.2,78,3.5,5.9,9.3,7.4,117923,0.74,4.4,2
318,6.3,33,1.3,6.6,12.2,4.2,1176869,0.49,4.41,2
319,7.4,25,5.3,4.1,3.1,4,1276673,0.21,3.52,2
320,5.2,10,1.3,4.8,18.2,3.3,611831,0.25,3.54,2
321,4.4,68,5.2,2.2,4.4,4,1150433,0.17,3,2
322,4.9,67,6.4,2.9,2.6,5.2,797971,0.74,3.71,2
323,5.2,31,2.3,3.7,17.8,4.4,1519789,0.54,4.31,2
324,5.5,65,6.4,8.9,21.4,7.8,240236,0.53,4.77,2
325,6.9,65,5.1,3.6,16.4,6.7,553187,0.53,4.62,2
326,6.3,39,4.2,8.3,16.2,4.5,1079620,0.41,4.32,2
327,6.4,69,1.9,3,9.9,1.3,1131735,0.27,3.6,2
328,7.7,55,3.1,1.3,10.1,6.4,1516399,0.31,4.09,2
329,7.4,4,2.3,3.7,25.7,1.8,1091123,0.27,3.5,2
330,4.9,13,0.7,1.7,10.7,2.5,1471092,0.28,3.15,2
331,6.9,45,3.5,5,26.8,5.3,812857,0.8,5,2
332,4.5,10,2.2,8.1,8.7,5,656418,0.53,3.68,2
333,6.9,48,4.7,6.8,24,1.9,98340,0.36,3.75,2
334,7,21,0.1,7.1,19.5,4.1,1094021,0.32,4.54,2
335,5.7,22,6.9,3.8,7.4,2.9,271886,0.79,4.48,2
336,6.6,36,3.7,4.6,4,1.2,1554071,0.64,4.22,2
337,4.3,26,4.8,5.7,11.2,6.9,506811,0.46,3.97,2
338,6.6,74,3,6.9,7.8,1,1341544,0.35,4.7,2
339,6.6,32,2.2,4.7,24.2,4.3,1204462,0.3,4.48,2
340,7.6,16,5.5,2.9,21.3,1.7,797959,0.66,5.05,3
341,6.2,39,5.7,3.9,21.8,4,42062,0.3,4.15,2
342,6.6,35,4.3,6.1,12.4,4.2,892826,0.47,4.64,2
343,4.3,4,1.1,7.5,15.9,6.1,517970,0.56,3.61,2
344,5.6,58,1.7,3.6,18.9,3.2,1174898,0.15,4.41,2
345,4.4,12,1.4,6.6,24.2,4.4,685561,0.26,4.03,2
346,4.6,14,4.5,8.5,20.7,3.8,1146237,0.72,4.61,2
347,6.4,38,5.8,3.7,12,6,472475,0.68,5.02,2
348,4.7,22,3.9,3.6,14.3,7.5,1268807,0.49,4.63,2
349,6.6,62,1.1,3.3,24.4,5.1,1005070,0.61,4.84,2
350,7.9,26,7.6,8.1,9.3,6.5,288835,0.76,5.77,3
351,6.8,76,4.2,1.5,1.5,4.8,874022,0.3,4.22,2
352,7.4,62,3.4,5.2,19.9,4.5,836982,0.38,5.08,3
353,4.9,49,4.8,2.2,8.5,3.5,1167547,0.63,5.36,3
354,7.4,30,2.3,5.7,8.8,5.7,143524,0.76,4.9,2
355,5.9,77,4.7,1.1,1.2,5.3,777428,0.3,4.16,2
356,7,38,7.2,6,6,5.6,1024519,0.74,5.72,3
357,5.3,41,1,4.9,16.9,1,742322,0.29,4.08,2
358,5.8,46,2,4.6,19.6,4.4,328033,0.39,4.6,2
359,7.8,11,7.1,4.6,25.8,3,918796,0.59,6.02,3
360,4.4,40,7.2,5.7,3.1,7.1,228356,0.27,4.65,2
361,6.2,61,0.8,1.4,24.3,4.7,1024162,0.71,4.71,2
362,7.7,45,4,3.8,23.9,5.9,825016,0.43,5.48,3
363,5.3,13,3.5,2.6,27.4,3,1196567,0.77,5.17,3
364,5.9,40,4.3,1.3,8,6.2,838143,0.33,4,2
365,4.5,80,6.2,2.9,27.2,6.7,777699,0.33,5.47,3
366,8,47,4.9,1.4,10.4,2.3,1519885,0.75,6.06,3
367,5.9,79,2.2,3.9,11.2,2.6,1122966,0.46,4.81,2
368,7.1,35,7.2,3.4,24.6,4.4,353262,0.54,5.55,3
369,5.5,82,0.7,1.1,22.8,4.7,600003,0.12,3.84,2
370,6.4,38,6.5,4.7,17.3,3.2,207599,0.73,5.33,3
371,7.2,43,7.2,3,2.1,3.3,14311,0.61,5.17,3
372,5.3,18,6.9,1.1,15,6.7,413187,0.17,4.32,2
373,5.4,8,7.6,2.9,24.7,5.9,446070,0.56,4.41,2
374,6.8,63,2.5,6.4,23.8,5.8,1134260,0.56,5.83,3
375,4.9,70,0.5,7,7.3,3.6,378976,0.52,4.27,2
376,5.9,27,4.8,3.9,0.9,2.6,265781,0.78,4.49,2
377,4.4,63,5,7.1,6.4,4.9,806135,0.21,4.74,2
378,4.7,19,7,5.9,22.2,5.5,681465,0.55,4.89,2
379,7.4,30,4.4,3.2,2.6,1.4,1386324,0.21,5.11,3
380,7,5,1.3,3.1,18.4,4.2,608511,0.47,5.09,3
381,6.2,15,3.5,1.1,19,4.6,1504499,0.63,4.64,2
382,8,10,4.6,2,16,7.6,1008156,0.76,5.58,3
383,6.6,79,6,3.1,14.7,5,1343168,0.75,6.11,3
384,5.3,21,6.3,7.9,10,6.6,1571984,0.63,5.38,3
385,7.9,35,1.2,1.5,6.8,2.2,259418,0.35,4.12,2
386,7.8,79,6.9,2.6,25.5,3.9,879753,0.3,5.63,3
387,5.4,36,1.3,4.1,17.4,7.2,1427677,0.25,5.2,3
388,4.7,76,2.1,1.7,3.1,7.6,741610,0.13,3.73,2
389,6.8,36,0.3,3.5,8.9,4.9,676828,0.49,4.71,2
390,7.5,53,7.3,8.7,1.6,6.9,320374,0.65,6.37,3
391,7.5,24,0.3,4.4,7.4,5.8,408010,0.57,3.57,2
392,5.5,30,1.3,2.4,4.4,5.4,428513,0.44,3.12,2
393,7.9,26,7.3,1,3,5,1125309,0.13,4.35,2
394,7.2,34,6.9,3.1,18.2,4.7,394576,0.71,5.71,3
395,7.2,21,5.3,7.7,6.4,3.6,123758,0.77,5.63,3
396,5.9,61,0.9,2.9,6.3,4.2,724329,0.69,4.35,2
397,5.4,62,7.2,2.3,16.1,4.2,1176372,0.14,6.13,3
398,7.3,49,1.5,3,25.9,3.5,1542141,0.4,6.47,3
399,6.1,5,6.6,6,1.6,3.9,1010344,0.33,5.09,3
400,6,54,5.4,5.4,10.2,7,671941,0.69,5.39,3
401,6.8,73,1.2,6.7,22,2.1,759600,0.63,4.54,2
402,6.7,35,6.8,5.5,3.5,0.9,1205088,0.17,4.21,2
403,5.4,63,7.6,7.4,9.8,4.4,175094,0.22,3.46,2
404,7,26,5.7,3.2,8.3,5.7,625781,0.4,4.52,2
405,4.5,43,1.7,6.8,14.4,0.9,1061133,0.39,4.05,2
406,8.1,60,7,8.8,15.7,7.3,880880,0.21,6.05,3
407,4.3,74,0.6,4,16.5,5.1,206500,0.26,3.52,2
408,7.1,35,3,5.8,13,4.4,249999,0.74,4.47,2
409,4.5,57,6,4.8,27.4,1.9,457045,0.12,3.62,2
410,4.6,9,1.5,7.5,28,3.1,904101,0.17,4.16,2
411,5.4,28,7.8,1.4,2.9,2.3,321503,0.19,4,2
412,7.5,30,7.5,2,1.6,1.9,107104,0.61,4.33,2
413,4.4,16,4.8,4.6,16.4,1.5,695404,0.41,4.36,2
414,6.7,8,0.7,2.1,26.3,2.2,580487,0.36,3.71,2
415,5.9,47,7.2,5.7,5.8,7.9,674217,0.22,5.34,2
416,5.2,7,3.4,5.3,14.1,3.4,854342,0.62,4.93,2
417,5.2,43,7.1,6,1.9,6.8,907872,0.12,5.36,2
418,5,40,3.5,7.5,9.8,1.9,356695,0.76,4.88,2
419,7.8,30,6.5,3.4,26.6,4.5,291128,0.29,5.49,3
420,8,16,1.7,2.8,20.8,5.5,970417,0.18,5.52,3
421,6.8,38,5.4,1.5,27.4,4.5,981617,0.73,5.78,3
422,7.2,65,2.9,2.3,12.1,1.5,749530,0.31,5.36,3
423,6.8,13,0.8,6.7,18.6,1.6,382715,0.63,5.14,3
424,5.7,45,6.3,7.8,2.1,1.1,837010,0.28,5.19,3
425,5.6,79,4.4,1,14.9,5.3,966435,0.19,5.55,3
426,6.2,20,2.8,1.3,18,3.8,215243,0.2,4.94,2
427,7.1,67,3.6,4.1,9.7,3,445400,0.6,5.37,3
428,7.4,80,0.7,7.2,22.2,2.3,582816,0.59,5.69,3
429,5.5,11,1.9,1.2,9.6,7.4,663248,0.61,5.25,3
430,7.7,75,5.9,1.8,15.5,3.6,256493,0.65,5.56,3
431,5.9,20,3.7,2.1,27.8,5.8,835643,0.51,5.52,3
432,5.2,55,1.9,8.9,15.6,6.2,92348,0.49,5.38,3
433,7,61,2.4,6,19.1,5.2,417527,0.53,5.69,3
434,5.8,73,5.6,5.8,1.4,2,143780,0.45,5.21,3
435,4.3,5,4.2,3.4,24,1.3,387358,0.5,5.14,3
436,8.1,65,6.2,8.8,6.2,5.8,814019,0.34,5.88,3
437,6.2,22,3.8,8.7,6.5,5.7,5364,0.34,5.13,3
438,8.1,65,4,6.5,25,5.8,388153,0.41,6,3
439,5.3,21,3.4,1.2,25.4,5.4,403686,0.78,5.74,3
440,7,72,1,6.1,2.9,7.2,965219,0.5,5.92,3
441,7.5,26,6.9,5.6,17,1.5,436075,0.52,5.46,3
442,7.3,49,5.3,2.5,19.6,2.5,965572,0.75,6.1,3
443,7.3,78,1.4,8.3,14.9,5.3,523313,0.54,5.71,3
444,6.7,61,1.6,7.6,14,5.7,738869,0.22,5.24,3
445,5.5,9,5.5,6.6,9,2.9,942434,0.39,5.28,3
446,6.7,64,4.8,6,26.6,4.5,303593,0.2,5,2
447,4.5,18,6,7,8.8,2.4,552509,0.75,5.88,3
448,6,70,6.5,4.1,24.6,6.7,947631,0.22,5.65,3
449,6.7,44,4.5,1.4,25.5,8,778596,0.33,5.43,3
450,4.7,34,3.2,1,25.4,1.5,770200,0.49,5.22,3
451,5.7,53,0.5,7.8,10.8,7.6,768232,0.56,5.73,3
452,5.5,39,1.2,6.3,21.1,7.6,770032,0.2,5.44,3
453,7.8,62,3.1,4.3,8.9,5.9,664213,0.7,6.28,3
454,6,62,7,5.3,20.7,7.9,412818,0.24,6.47,3
455,4.4,46,2.2,7.3,8.7,2.2,382489,0.54,4.68,2
456,5.3,75,7.3,5.7,21.5,3.8,316100,0.2,5.25,3
457,4.5,51,7.1,5.1,19.3,4.8,915927,0.64,6.27,3
458,5.5,18,6.9,3.3,8.9,4.5,399290,0.65,5.47,3
459,4.3,62,4.1,4.9,2.1,3.6,250684,0.27,4.34,2
460,7.6,15,2.1,8.8,22.8,6.3,7507,0.59,5.99,3
461,7.6,28,6.6,2.5,19.8,2.6,480184,0.3,5.01,3
462,4.5,60,3.4,5.4,5.6,4.2,700437,0.19,4.73,2
463,6.6,41,6.7,5.5,11.8,1.9,854671,0.79,6.34,3
464,6.6,75,0.6,3.4,11.7,5,240212,0.61,5.07,3
465,8,33,4.4,3.5,18,7.1,742731,0.56,6.08,3
466,4.5,30,4.1,8.6,5.2,4.8,402683,0.69,4.94,2
467,5.8,7,4.8,4.7,26.7,1.1,574908,0.29,5.02,3
468,6.1,32,7,7.8,17.8,2.6,326982,0.37,5.84,3
469,6.3,42,4.3,4.4,7.7,4,450068,0.67,5.34,3
470,4.4,35,0.6,7.8,3.5,1.2,448060,0.74,4.53,2
471,5.3,40,1.7,8.4,16.8,1.3,735060,0.1,3.19,2
472,4.5,45,4.9,7,21.5,1.4,823901,0.51,4.33,2
473,4.7,53,4.2,1.2,14.9,4.9,846789,0.7,5.26,3
474,5.4,35,5.1,4.9,6.5,1.8,152111,0.65,3.63,2
475,5.3,52,4.9,7.5,25.2,7.5,53004,0.67,5.27,3
476,4.7,56,5.2,4,27.5,7.3,822162,0.25,5.36,3
477,6.9,42,1.1,7.9,17.6,4.9,297889,0.77,5.18,3
478,6.5,16,6.3,2.2,26.9,4.9,227164,0.43,5.25,3
479,5.5,36,0.4,1.5,19.4,7.9,954388,0.3,4.38,2
480,5.5,43,3.9,8.8,14.5,1.7,685037,0.33,4.55,2
481,6.3,49,4.4,5.8,3.7,2.5,15756,0.66,4.08,2
482,6.2,9,6.9,1.5,19.3,2.5,970603,0.39,6.75,3
483,7.9,39,6.5,7.1,9.1,6.9,35663,0.17,6.47,3
484,5.7,9,4.6,6,17.4,6.3,683838,0.23,5.69,3
485,5.3,25,5.2,6.6,5.1,4.8,388392,0.14,4.88,2
486,6.5,13,0.8,6.1,11.3,5.2,203983,0.45,5.73,3
487,7.8,57,7.6,1.4,23.8,1.1,381590,0.71,7.01,3
488,7.5,32,0.2,1,24.3,4.4,224872,0.27,5.12,3
489,6.7,53,1.2,6.5,9.8,2.7,444393,0.19,6.01,3
490,6.2,12,5.3,7.9,0.9,2,730637,0.49,5.45,3
491,4.5,21,0.9,2.7,21.6,5.8,47111,0.42,3.68,2
492,5.1,48,6.8,7.7,5,2.1,986404,0.62,6.69,3
493,7.9,59,0.3,6.2,24,1.9,518252,0.59,6.65,3
494,5,40,2.8,7.5,26.7,6.8,162056,0.66,6.49,3
495,7.4,25,2.3,2.1,15.9,4.5,632311,0.14,5.04,3
496,5.2,80,3.1,6.9,14.4,7.9,679055,0.7,7.18,3
497,5.1,72,1.3,1.1,22.1,5.6,689587,0.12,6.39,3
498,7.2,57,0.5,6.3,10.6,5.1,664589,0.25,5.81,3
499,7.8,42,3.6,4.3,25.4,4.6,82305,0.43,5.93,3
500,7.1,61,7.1,3.2,3.8,2.7,538214,0.49,6.37,3
501,5.4,57,5.3,1,9.7,4.9,347220,0.74,6.75,3
502,7.2,67,6.7,4.4,20.7,2.2,585485,0.57,7.03,3
503,7.2,32,4.6,7.9,28,5.1,263850,0.57,6.66,3
504,5.7,40,4.4,2.4,12.4,1.2,297413,0.72,5.42,3
505,5.8,77,3.7,2.5,2.8,5.2,142425,0.35,5.13,3
506,6.9,5,1.8,8.2,4.1,4.9,834798,0.39,6.21,3
507,5.6,20,2.5,6.2,19.6,5.3,387726,0.54,5.57,3
508,5.4,43,3.2,4.8,13.9,6.6,19857,0.23,4.52,2
509,6.5,6,5.4,5.5,8.9,6.6,56696,0.7,6.53,3
510,4.4,47,2.8,6.8,7.2,8,885696,0.7,7.02,3
511,4.4,77,1.5,3.3,1.3,4.8,538667,0.12,3.83,2
512,7.7,63,0.7,8.2,22.1,1.1,584961,0.26,6.32,3
513,4.3,41,0.3,2.5,18.5,2.8,767247,0.44,5.89,3
514,7.8,55,5.7,3.3,17.3,5.5,713123,0.68,7.24,3
515,5.9,68,1.7,7,9.7,4.5,810362,0.8,7.18,3
516,4.3,78,2.4,7.4,12.7,3.6,117720,0.33,5.21,3
517,4.6,57,4.3,2.3,25.5,4.3,327045,0.18,6.36,3
518,8.1,62,2.7,5.2,11.7,1.2,983701,0.75,7.49,3
519,6.5,9,3.7,5.9,9.6,7,729201,0.35,7.51,3
520,4.7,17,2.9,6,19,4.7,957337,0.42,6.74,3
521,6.1,70,5.1,5.3,7.1,4.6,348002,0.7,7.59,3
522,7.7,81,0.1,3.3,4.9,5.4,62973,0.11,4.03,2
523,7.7,36,1.7,4.1,15.6,1.4,186323,0.74,6.69,3
524,4.9,4,7.6,1,1.4,2.7,433780,0.25,5.88,3
525,6.1,82,5.5,1,16.3,3.7,71877,0.64,7.11,3
526,6.8,55,2.2,2.2,1.1,0.9,376345,0.33,5.06,3
527,4.8,48,3.8,5.3,9.8,3.4,115881,0.7,7.33,3
528,4.5,54,3.3,3.8,23.8,1.2,595347,0.14,6.06,3
529,6,54,5.6,4.4,7.4,7.1,57793,0.15,6.66,3
530,5.5,78,4,3.1,5.6,1.1,848015,0.68,7.51,3
531,4.6,62,1.4,2.5,15.9,4.3,728550,0.26,5.09,3
532,6.5,19,1.7,2.3,4.2,5.1,951967,0.56,6.22,3
533,5.8,18,0.6,9,22.3,3.2,90951,0.42,6.02,3
534,7,36,2.1,1.7,1.4,2.5,773814,0.19,4.32,2
535,6.4,45,6.5,3.9,2.9,1.6,420157,0.52,6.21,3
536,6.3,81,2.8,1.8,9.3,7.3,511402,0.54,7.56,3
537,7.4,50,7.8,4.5,15.8,5.2,300526,0.41,7.15,3
538,5,21,0.4,6.4,20.2,2,315203,0.58,6.59,3
539,6.6,66,4,9,1.3,7.2,9932,0.54,6.55,3
540,8,36,4.2,5.8,8.2,7.1,463754,0.35,7.26,3
541,5.7,16,7.6,6.4,8.6,6.8,740703,0.21,7.34,3
542,5.8,42,4.4,5.5,3,1.5,156751,0.44,5.32,3
543,7.5,34,7.7,4.6,12.1,6.3,85421,0.58,7.54,3
544,6,69,2.2,1.4,9.4,4,595111,0.26,6.05,3
545,7.9,49,5.8,3.6,8,5.3,270493,0.12,6.69,3
546,8.1,78,3.7,4.5,13.7,1.7,865854,0.49,7.58,3
547,5.7,56,5.4,5.6,22.8,3.4,204778,0.71,7.46,3
548,4.3,14,6.8,2.8,10.3,3.1,739195,0.62,6.41,3
549,6.8,68,1.1,7.4,7,2.2,898224,0.46,7.17,3
550,7.5,4,5.7,7.3,26.4,7.6,800297,0.71,8.26,3
551,5.1,33,5.8,1.1,14.9,3.6,70999,0.69,6.04,3
552,4.9,79,2.1,6.3,20.1,4.6,55573,0.49,6.18,3
553,4.9,81,2.6,3.2,7,3.7,922912,0.33,6.49,3
554,8.1,41,2.3,4.2,13.8,2.3,914263,0.76,8.02,3
555,5.9,76,6.8,1.3,7.1,6.7,942651,0.59,7.72,3
556,5.6,6,7.7,6.5,7.9,2.7,140186,0.38,6.48,3
557,5.8,73,7.1,1.3,25.8,3.1,216795,0.13,7.78,3
558,6.9,61,5,5,22.6,1.1,592106,0.1,6.68,3
559,7.9,44,0.2,8.2,6.2,1.8,484045,0.73,7.07,3
560,5.1,17,6.3,1.9,5.2,1.9,356610,0.43,5.85,3
561,7.5,16,0.5,7.5,8.2,5.6,89764,0.71,7.49,3
562,4.6,56,3.7,4.8,16.3,1.3,703963,0.43,7.47,3
563,5.4,64,3.2,2.3,25.1,6.4,514972,0.47,7.62,3
564,5.5,51,5.5,7.6,1.5,0.9,5748,0.19,5.82,3
565,4.5,53,5.8,7.7,23,4.6,601657,0.56,7.72,3
566,4.7,26,4.7,2.7,19.2,3.6,675539,0.2,6.46,3
567,8.1,61,4.5,1.1,6.6,6.9,463296,0.46,7.89,3
568,4.9,10,1.5,8,23.2,1.7,65295,0.77,6.47,3
569,6.8,76,0.2,3.6,15.1,4.4,582647,0.78,8.08,3
570,5.6,81,0.6,4.7,9.5,3.8,550813,0.18,6.62,3
571,5,28,5.1,8.2,21.5,7.5,675702,0.42,6.08,3
572,7,53,0.6,4.3,16.9,6,790786,0.53,5.66,3
573,4.3,81,2,4.4,20.8,1.9,3814,0.24,6.03,3
574,6.5,40,2.1,3,12.1,7.2,197594,0.65,6.59,3
575,7.8,67,0.7,6.2,2.8,7.1,664094,0.55,6.44,3
576,6,22,4.6,4.9,17.8,3.2,891237,0.19,6.19,3
577,6.8,29,0.9,6.5,20.6,3.7,918111,0.54,6.88,3
578,5.6,65,4,8.1,9.6,3.2,499451,0.6,6.52,3
579,7.9,6,1.6,3.3,20.7,3.5,582507,0.47,6,3
580,7.4,6,5.7,6.1,8.8,5.5,8293,0.28,6.12,3
581,7.9,12,3.8,8.7,23.6,5.5,249199,0.14,7.16,3
582,6.4,40,5.1,8.3,11,2.8,608987,0.63,7.41,3
583,7.1,59,3.3,6.1,6,6.3,669162,0.15,6.31,3
584,6.9,21,4.6,6.8,13.8,7,325116,0.77,7.88,3
585,8.1,8,6.8,5.5,10.3,5.9,941239,0.45,7.16,3
586,4.6,39,1,7.2,8,2.1,545248,0.38,6.36,3
587,6.8,42,4.1,6.5,25.9,4.3,334003,0.57,7.34,3
588,6.2,43,3.7,6.9,13.5,3.7,115613,0.54,6.74,3
589,6.3,32,1.3,5.4,22.7,3,965330,0.77,7.95,3
590,6.1,55,4,4.7,12.4,4.6,514004,0.28,6.29,3
591,6.5,79,3.2,3.9,5.4,4.6,171084,0.34,5.82,3
592,8.1,25,6.1,1.4,1.3,0.9,870052,0.74,7.22,3
593,5.4,27,6,2.1,27.1,1.8,728956,0.66,7.59,3
594,7.4,68,6.9,5.7,13.6,7.6,44379,0.6,7.21,3
595,8.1,73,6.9,3.3,13.3,4.7,817947,0.65,7.54,3
596,7.3,49,2.6,2.5,4.4,5,528052,0.55,5.35,3
597,6.1,17,7.1,8.7,26.2,1.1,715005,0.14,6.72,3
598,5.8,21,3.1,2,16,1.3,700659,0.64,6.17,3
599,6.6,26,5.8,8.5,16.3,5.2,262504,0.51,6.04,3
600,7.8,59,7.2,5.4,12.7,4,262627,0.68,6.87,3
601,7.8,76,2.9,7.7,22.5,6.3,111056,0.32,5.29,3
602,6.5,5,1.5,6.4,19.6,4,384541,0.5,5.68,3
603,7.1,74,5.1,3.4,24.9,7.4,999020,0.6,7.07,3
604,7,58,3.2,5.4,11.5,1.3,742125,0.57,6.11,3
605,4.9,82,6.3,5.6,16.8,4.6,515598,0.57,6.15,3
606,7,39,2.8,2.9,5.5,4.2,629920,0.42,5.22,3
607,7.4,44,7.6,4.5,25.9,5.7,715408,0.67,6.96,3
608,8,82,4.6,9,22.4,6.8,382564,0.18,6.65,3
609,5.4,72,3.3,5.2,10.3,4.3,912832,0.56,6.24,3
610,7.1,55,6.2,1.2,25.4,3.2,709239,0.18,6.66,3
611,6.6,32,5.9,3.7,3.3,3.8,335706,0.67,5.48,3
612,6.8,56,4.4,7.6,15.5,5.7,611064,0.78,7.38,3
613,7.8,15,5.9,3.4,18,1.6,353509,0.39,6,3
614,6.2,81,6.3,1,3.9,7.7,673260,0.24,6.67,3
615,5.6,48,7.3,5.4,4.1,1.2,105467,0.55,6.31,3
616,6.4,6,0.6,5.3,18.4,1.3,172900,0.14,5,2
617,6.3,77,0.3,6.4,2.6,6.4,533815,0.49,5.59,3
618,7.5,58,0.3,8.7,13.3,2,337395,0.72,6.74,3
619,7.9,71,2.4,8.3,1.3,1.8,769151,0.37,6.48,3
620,6.3,14,3.8,3.7,23.3,7.5,416678,0.23,6.13,3
621,4.6,4,5.9,2.3,26.7,7.1,686063,0.62,7.77,3
622,4.4,32,1.3,7.7,1.6,5,557602,0.3,5.38,3
623,7.1,71,1.1,4.2,5.4,7.1,8529,0.44,5,2
624,7,6,7.3,8.5,9.5,2.5,966399,0.68,7.38,3
625,5.1,14,4,1.7,8,1.6,911934,0.38,5.2,3
626,6.9,45,2.2,1.8,7.9,3.4,445350,0.35,5,2
627,4.9,53,2,8.3,1.9,5.3,540211,0.34,5.33,3
628,7.2,40,1.2,4.2,15.6,3.3,267045,0.37,5.77,3
629,7,31,1.2,1,20.4,3.2,372609,0.19,5.57,3
630,6.5,41,6.7,4.3,12.4,3.7,557436,0.19,6.25,3
631,7.2,69,3.7,2.3,6.2,1.1,776322,0.56,6.56,3
632,6.1,20,4.1,2.9,4.1,5.9,121297,0.53,6.53,3
633,4.4,40,2.3,6.5,20.3,4.3,488671,0.53,6.19,3
634,8,23,4.1,8.5,10.5,7.5,631821,0.57,7.66,3
635,7.2,41,4.8,3.9,8.8,4.4,931991,0.5,6.53,3
636,5.3,80,3.7,8.9,11,7.8,948648,0.29,7.68,3
637,5.8,36,5.6,2.4,7.6,6.2,954182,0.26,6.43,3
638,5.6,5,6.1,5.9,20.2,1.4,479284,0.61,6.46,3
639,5.1,36,2.5,7.2,24.6,1.4,245985,0.52,6.39,3
640,5.7,28,1.2,2.2,14.8,4.3,542461,0.12,5,2
641,7,9,3.1,6.6,3.2,8,123911,0.56,6.65,3
642,4.7,37,4.5,2.9,3.2,3,616834,0.32,5.16,3
643,5.1,4,2.6,7.3,13.3,6.7,809884,0.36,6.39,3
644,4.6,68,0.4,7.5,1.7,1.5,701987,0.39,5.24,4
645,4.8,16,2,1,1.9,3.3,119382,0.21,3.23,2
646,4.4,22,5.6,6.9,21.9,4.8,510328,0.11,5.29,3
647,6.7,16,0.5,3.8,7.5,3.2,481557,0.51,5.31,3
648,7.8,73,0.3,4.5,5.6,6,317707,0.27,5.12,3
649,7.2,8,4.3,4.2,27.2,7,499144,0.49,7.31,3
650,6.8,65,4.1,5.6,12.6,4.9,882815,0.67,7.46,3
651,6.9,34,1.8,5.7,10.2,4,639922,0.11,4.49,2
652,6.5,69,3,5.9,19,3.4,409639,0.7,6.71,3
653,6.5,73,5.8,2.4,25.8,1.8,134987,0.28,6.64,3
654,7.8,6,6.6,3.3,5.5,3.3,175372,0.44,5.35,3
655,5.2,24,4.8,3.7,26.5,5.2,8023,0.75,6.9,3
656,6.5,75,0.8,4.9,26.8,2.4,874502,0.69,6.56,3
657,4.8,21,6.2,6.8,4,4.8,698052,0.48,6,3
658,8.1,41,2.2,4,12.2,7.5,114527,0.37,6.29,3
659,5,75,6.4,6.4,13.9,5,96798,0.53,6.69,3
660,6.4,81,3.6,8.6,23.7,2.6,470999,0.44,6.64,3
661,7.3,30,6.2,5.2,2.8,1.6,226542,0.32,5.01,3
662,5.8,81,2.5,7.1,7.2,2.5,485320,0.24,5.39,3
663,6.5,30,7.8,7.5,19.4,7.5,498027,0.4,7.78,3
664,4.9,27,6.7,6.6,21.9,7.8,357748,0.15,6.47,3
665,7.8,66,0.7,4.1,13.9,3.4,12747,0.29,4.76,3
666,7.9,14,5.3,3.9,15,0.9,460449,0.55,5.88,3
667,4.8,40,7.6,4.2,22.6,2.6,595524,0.31,6.6,3
668,6.7,34,2.2,6,2.7,7.6,606647,0.46,5.68,3
669,6.4,42,4.5,2.4,14.5,5.4,869989,0.43,6.2,3
670,7.9,13,5.6,3.3,20.5,7.8,160636,0.78,7.68,3
671,5.7,80,1.6,5.1,27.8,2.8,334715,0.15,6.28,3
672,6.7,50,1.7,3.2,8.7,7.8,80447,0.46,5,2
673,6.7,37,7.2,3.9,4.1,3,266484,0.79,6.47,3
674,8.1,60,7.2,2.3,19,1.2,943348,0.33,7.29,3
675,4.6,35,2.9,4.1,23.2,1,215167,0.59,5.32,3
676,7,42,2.7,3.7,9.7,7.2,752933,0.26,5.83,3
677,8.1,62,4.3,1.1,3.6,4.6,866243,0.5,6.47,3
678,5.4,24,6,6.6,13.4,3.9,540521,0.62,6.28,3
679,5.6,52,7.4,8.5,15.4,7.4,253466,0.63,7.43,3
680,6.8,30,0.9,6.8,22.3,7.2,547697,0.73,7.56,3
681,7,4,0.5,7.1,8,1.1,308172,0.42,5.73,3
682,7.1,28,7.7,1.3,10.4,3.2,88827,0.33,6.28,3
683,7.6,39,5.3,6.5,27.4,6.6,213025,0.5,7.47,3
684,8.1,78,7.2,2.4,24.8,7.3,655096,0.63,7.72,3
685,7.5,68,2.3,3.1,23,5.3,169426,0.36,6.47,3
686,4.8,36,2.2,3.4,26.5,2.6,425423,0.67,6.19,3
687,6.6,70,7,8.3,3,7.8,206998,0.32,6.68,3
688,7.5,38,7.5,7.1,5,2.9,903426,0.57,7.32,3
689,5.4,51,2,8.7,2.6,1.3,236791,0.42,5.6,3
690,6.4,26,3.9,3.7,11.7,4.3,496380,0.37,6.02,3
691,5.2,70,0.8,5.1,1.4,3.1,405074,0.61,4.48,2
692,6.5,78,2.3,1.4,23.1,4.9,587241,0.33,6.25,3
693,7.8,12,5.3,1.9,16.5,7,934309,0.65,7.41,3
694,5.1,71,7.4,7.8,9.7,3.1,670683,0.44,6.66,3
695,4.4,82,0.6,5.7,9,2.1,301653,0.69,5.2,3
696,4.9,21,2.1,5.4,17.4,3.5,487612,0.21,5.15,3
697,8,33,0.4,8.7,6.3,7.7,565469,0.51,6.63,3
698,5.1,69,3.3,8.1,25.4,5.4,296053,0.13,6.36,3
699,8,48,0.5,8.5,27,7.1,666089,0.29,7.41,3
700,5.5,77,1.7,6.9,23.1,5,950560,0.79,7,3
701,7,23,4.9,2.7,22.8,3.1,343400,0.51,6.26,3
702,4.9,28,2.3,8.3,14.4,5.3,1876,0.75,6.32,3
703,6.2,32,4.4,2.9,5,5.3,226191,0.11,5.13,3
704,6.5,63,1.4,3.1,4.4,7.4,20004,0.28,5.15,3
705,7.9,52,4.8,3.5,19.8,6.5,873955,0.2,6.95,3
706,7.2,63,1.8,8.4,5.6,7.1,270738,0.15,6.33,3
707,7.9,16,3,7.7,9,4.9,113644,0.76,6.63,3
708,7.5,35,4.9,1,4.2,5.7,908748,0.75,7.06,3
709,7.4,55,0.6,4.3,14.3,7.7,210985,0.18,6.01,3
710,5,25,6.4,7.6,26,6.2,114723,0.16,7.23,3
711,6.5,9,5.9,2.2,17.6,4.7,649834,0.17,6.21,3
712,4.4,28,1.1,1,17.6,6.3,460830,0.2,5.14,3
713,6.9,61,6.4,6.9,8.3,4.2,591867,0.42,6.87,3
714,6.2,12,6.3,1.6,15.3,4.8,93635,0.37,5.53,3
715,7.1,39,1.7,3.3,5.8,7.2,870189,0.25,6.07,3
716,4.5,10,7.8,3.4,23.8,6.8,666974,0.8,7.63,3
717,6.3,59,4.3,4.3,17.1,2.3,695116,0.62,6.53,3
718,7.2,75,0.2,3.5,7,3.9,905111,0.76,6.17,3
719,5.6,51,4.6,8.5,24.9,1.9,807404,0.25,6.43,3
720,7.7,32,6.5,7.1,24.1,7.9,771417,0.23,7.25,3
721,6.9,29,5,5.7,14.9,6.9,888306,0.33,6.79,3
722,6,63,3.4,3.4,18.2,6.7,178291,0.38,6.05,3
723,7.3,60,0.8,8,1.5,6.4,250384,0.55,6.43,3
724,5.1,31,0.1,4.1,4.9,3.7,600546,0.34,5.04,3
725,6.5,57,1.5,1.1,18.7,4.9,687782,0.27,6.02,3
726,8.1,35,6.1,5.7,5.7,5.9,251865,0.22,6.91,3
727,7,72,5.1,1.9,4.4,6.2,155642,0.64,7.14,3
728,7.4,64,2.1,1.6,25.8,1.1,275505,0.1,5.47,3
729,8.1,19,1.3,4.6,23.2,4.5,661188,0.11,6.41,3
730,5.6,25,2.1,4.6,22.9,4.8,582242,0.66,6.63,3
731,7.9,77,1.4,4.7,1,3.9,759897,0.51,6.33,3
732,4.3,20,0.3,7.4,9.3,5.7,550786,0.49,6.43,3
733,7,68,2.3,1.6,5.4,1.1,540964,0.68,6.71,3
734,7.2,14,0.4,1.9,26.3,2.3,241304,0.1,5.11,3
735,4.6,79,4.1,8.6,25,2.3,583930,0.51,6.54,3
736,5.7,38,0.5,1,22.8,1.3,679216,0.34,6.04,3
737,5.5,66,2.8,6.8,27.2,5.1,991490,0.77,7.33,3
738,4.7,55,3.4,4.1,0.9,2.1,687424,0.63,6.16,3
739,8,64,7.6,5.5,10.4,3.9,242850,0.33,7.08,3
740,6.3,17,7.7,7.8,19,1.9,731680,0.18,6.42,3
741,7,47,6,1.7,5.5,2,576786,0.41,6.56,3
742,6.3,48,1.6,4.4,23.6,6.8,858765,0.44,6.76,3
743,7.6,5,7,5.2,21.9,5.8,235832,0.34,7.03,3
744,7.9,44,3,3,3.6,4.4,250331,0.57,5.79,3
745,6.7,80,5.1,5,26.2,5.5,555657,0.51,6.94,3
746,6.4,74,7,7.7,17.9,1.7,423834,0.57,6.54,3
747,7.1,11,0.3,2.4,13.5,7.3,364525,0.57,6.33,3
748,7.3,10,1.5,7,20.5,7.3,970194,0.74,7.29,3
749,4.4,49,4.8,5.2,7.2,6.7,35295,0.79,6.37,3
750,7.7,12,3.2,5,28,7.4,330247,0.38,6.93,3
751,6.4,75,2.5,6.8,6.3,7,1169851,0.68,6.41,3
752,4.5,10,1,7.7,11.9,4.5,1179263,0.3,5,3
753,6.5,76,1,6.7,15.9,1.2,580655,0.31,5.38,3
754,5.3,52,1.9,8.4,1.4,6.4,1404029,0.2,5.43,3
755,4.3,31,1.6,8.5,2.2,6.2,619679,0.72,5.26,3
756,7.8,41,5.4,1.2,13.7,7.9,42109,0.61,6.29,3
757,6.2,41,1.9,6.7,23.3,3.4,180701,0.76,6.28,3
758,5.8,70,7.2,6.6,13.8,4.3,74631,0.12,5.46,3
759,6.5,56,2.1,1.6,26.1,3.7,1216252,0.31,6.17,3
760,7.1,37,7.7,1.3,8.7,5.7,1378677,0.22,6.65,3
761,7.2,59,2.1,3.9,3.9,4.7,20917,0.8,5.54,3
762,7.3,11,7.4,4.5,8.1,3.7,392005,0.43,6.14,3
763,4.3,24,3.5,8,12.2,3.5,149596,0.53,5.36,3
764,5.6,67,3.8,4.5,7.3,2.5,509991,0.53,5.57,3
765,7.8,13,4,2.1,20,0.9,849114,0.35,6.29,3
766,7.8,68,4.8,1.1,27.1,5.4,1194057,0.46,6.84,3
767,5.3,13,1.3,8.2,4.3,6.7,465102,0.49,5.35,3
768,5.1,60,2.4,4.2,12.8,5.9,1278243,0.59,6.33,3
769,7.5,6,3.4,3.1,7.9,1.2,1458485,0.58,7.23,3
770,6.2,77,4.9,2,1,4.6,1394318,0.61,6.49,3
771,7.7,66,5.8,2,1.2,5.3,586731,0.73,6.5,3
772,5.9,32,1.8,7,7.5,4.5,309367,0.19,5,2
773,6.8,12,5.8,4.6,12.3,6.1,811185,0.23,6.48,3
774,7.2,38,6.2,6.5,19.1,6.5,747901,0.18,6.89,3
775,5.5,55,0.5,3.8,18.5,6.8,1119729,0.4,6.06,3
776,6.2,16,7.2,8.5,27.2,5,542390,0.2,6.46,3
777,6.5,9,3.2,8.2,26.7,7.8,65956,0.16,6.24,3
778,6,66,2.2,4.6,16.5,5.6,1483956,0.58,6.71,3
779,7.4,70,6.7,4.2,18.1,3.8,1231753,0.58,6.89,3
780,5.9,48,7,5.9,9.6,3.8,27264,0.67,5.65,3
781,7.9,44,1.2,7.4,22,3.6,788838,0.58,6.8,3
782,6.1,50,0.1,1.6,3.3,5.7,336823,0.46,5.22,3
783,4.9,66,0.8,3.4,25.6,7.7,741877,0.62,6.38,3
784,6,33,6,5.2,13.1,4.5,586533,0.1,6.02,3
785,7,82,3.8,6.6,25.5,6.9,277617,0.38,6.93,3
786,5.5,26,0.5,7.8,9.1,5.8,630988,0.1,5.55,3
787,6.2,35,1.3,2.6,1.2,6.9,824052,0.31,5.76,3
788,7.8,8,5.6,5.3,25.3,6.8,14850,0.5,6.74,3
789,5.2,73,2.4,1.8,13.9,6.7,591831,0.3,6.08,3
790,6.9,38,0.4,4.4,14.8,1.2,879158,0.52,5.95,3
791,6.3,31,6.1,3.5,24,2.5,813424,0.4,6.77,3
792,6.8,57,4.2,9,17.3,5.2,894269,0.7,6.99,3
793,5.9,73,2.3,2.1,3.6,7.6,369574,0.13,5.34,3
794,5.4,48,6.3,8,10.5,5.3,755954,0.58,6.31,3
795,5.8,13,5.1,6.2,20.2,3.5,206560,0.62,6.45,3
796,6.2,40,2,8.8,15.5,5.8,930660,0.58,6.69,3
797,7.4,72,5.4,8.2,1.8,6,605244,0.52,6.94,3
798,7.2,63,1,3.7,14.3,7.2,204248,0.33,6.46,3
799,5.4,8,4.1,7.8,27.7,4.2,177302,0.51,6.26,3
800,5.1,48,4.6,6.9,13.2,7.8,664421,0.47,6.3,3
801,6,43,6.8,4.5,8.2,2.6,423952,0.7,7.06,3
802,4.5,23,5.9,5.1,27.5,6.2,727224,0.64,7.55,3
803,5.5,17,4.4,2.1,26.8,2.4,347266,0.44,6.18,3
804,6.7,79,3.1,1.2,14.5,3,198770,0.24,5.32,3
805,4.7,25,5.9,5.7,21.7,3.8,477306,0.55,6.64,3
806,4.6,80,0.6,8.3,27.3,5.2,977834,0.34,6.61,3
807,5.5,71,7.6,7,4.4,4,982024,0.78,7.22,3
808,7.1,72,1.6,5.3,21.8,6.1,5885,0.23,5.94,3
809,7.3,4,1.2,8.9,16.1,1.8,171045,0.54,5.36,3
810,7.4,56,5.2,8.2,7.2,6.6,425722,0.43,7,3
811,4.5,69,6.6,6,13.1,3,330627,0.26,6.1,3
812,4.7,76,5.4,5.1,14.9,6.1,621330,0.21,6.27,3
813,4.9,25,6.1,4.8,3.6,7.8,662630,0.74,7.29,3
814,7.8,75,1.6,8.8,2.3,5.8,652212,0.57,6.76,3
815,5.2,56,7.7,5.1,23.1,5.2,779066,0.36,7.11,3
816,5.8,68,6.9,6.3,24.7,6,307096,0.48,7.05,3
817,4.6,17,6,8.7,15.3,3.1,307151,0.47,6.09,3
818,7,34,4.8,3.8,25.7,2.1,639464,0.58,6.68,3
819,4.6,79,1.3,4,14.4,1.8,796645,0.53,6.2,3
820,4.3,18,7,4.7,22.3,6.8,777481,0.43,7.16,3
821,6.8,35,4.6,4.5,5.9,6.9,823772,0.75,7.38,3
822,4.9,59,7.5,4.8,23.3,6.9,329556,0.15,6.78,3
823,5,51,1,1.8,25.9,7.4,800304,0.55,6.86,3
824,4.9,67,6.2,3.5,12.4,7.1,594687,0.24,6.09,3
825,4.9,82,5.1,2,5.5,2.8,831614,0.16,5.06,3
826,5.3,56,2,8.8,18.1,1.1,311207,0.29,5.76,3
827,4.8,31,3.7,8.8,13.7,6,513993,0.56,6.79,3
828,5.4,30,7.4,5.7,2.4,4.3,232433,0.17,6.01,3
829,4.3,74,6.5,3,7.6,6.5,210214,0.12,5.57,3
830,6.9,80,7.6,8,4,1.7,210539,0.53,7.04,3
831,7,65,2.8,6,27.8,5.8,184914,0.8,7.08,3
832,6.6,17,7.2,6.9,16.1,1.1,323000,0.12,6.37,3
833,4.8,58,0.9,6.5,24.7,3.8,125152,0.57,6.26,3
834,4.6,35,0.6,9,18.6,6.1,548712,0.78,6.76,3
835,5.1,32,7.8,1.1,25.6,4.9,194783,0.77,7.12,3
836,6,44,1.8,6,11.6,3.7,850923,0.37,6.16,3
837,6.3,44,1.8,4.1,5.8,7.8,504121,0.21,6.06,3
838,4.3,13,6.1,3.7,5.6,3.7,514278,0.59,6.27,3
839,6.5,79,6.1,3.6,6,5.6,565442,0.72,7.03,3
840,7.8,73,2.4,6.7,9.7,2.8,605665,0.44,6.29,3
841,8,54,4.3,7.6,24.3,2.8,829487,0.46,7.28,3
842,5.5,62,1.9,4.7,24.2,4,716330,0.38,6.38,3
843,8,61,1.7,2.2,25,3.8,44427,0.1,5.13,3
844,6.5,25,7.7,6.5,16.7,6.9,530962,0.79,7.19,3
845,5.7,55,2.3,4.4,14.4,1.6,430616,0.58,6.09,3
846,5.7,73,0.9,2.1,11.8,4.7,478677,0.48,6.02,3
847,6,48,6.8,7.9,8.6,2.5,15233,0.44,5.89,3
848,5.4,53,0.1,8,16.7,7.9,660622,0.75,6.76,3
849,5.3,21,5.5,5.1,7.1,2.1,100490,0.55,6.02,3
850,5.4,82,1.2,2.4,11.2,1.6,759613,0.2,5.24,3
851,4.4,66,2.7,3.8,23.3,5.3,317679,0.11,5.67,3
852,5.2,61,3.2,2.3,16.4,4.8,229814,0.78,6.39,3
853,5,33,7.5,2.7,3.8,4.7,758280,0.21,6.04,3
854,7,75,0.8,7,1.5,2.5,115514,0.41,5,2
855,7.4,54,5,1.8,16.2,6.3,535713,0.69,7.16,3
856,6.6,22,7.5,8.4,26.3,3.5,648191,0.33,7.2,3
857,4.7,19,2.5,2,5.4,6.9,151318,0.16,5.55,3
858,4.5,72,1,8.5,11.6,7.2,665491,0.57,6.73,3
859,5,54,6.2,7.3,27.6,3.5,236809,0.11,7.07,3
860,4.5,31,1,7.5,9.2,3.1,233765,0.41,5.29,3
861,6.4,75,2.7,7.3,12.5,5.3,48107,0.32,5.8,3
862,5.6,71,2,5.1,18.9,1.9,833085,0.55,6.41,3
863,5.2,81,0.9,1.1,4.2,7.9,85063,0.68,6.22,3
864,4.4,25,3.6,8.4,21.4,5.3,488672,0.43,6.29,3
865,5.3,25,1.9,1.1,19.6,3.3,401580,0.7,6.07,3
866,7.8,21,1.7,6.9,1,4.9,702220,0.68,6.41,3
867,6.9,62,6.6,2.1,16,7.3,574310,0.1,6.22,3
868,7,8,2.5,7.2,15,2.2,5927,0.43,6.29,3
869,8.1,29,6,4.8,7.5,7.6,36141,0.52,6.07,3
870,7,45,1.3,1.8,11.9,2.9,638515,0.76,6.41,3
871,5.3,6,4.8,6.7,3.2,6.3,294445,0.6,6.76,3
872,5.1,48,1.6,3.8,20.4,2.1,881559,0.63,5.38,3
873,5.6,12,2.8,2.8,9.8,2.1,282477,0.51,6.39,3
874,7.7,4,1.8,4.2,3,7.7,419570,0.29,6.6,3
875,5.5,9,1.8,3,22.4,7.2,610323,0.74,6.04,3
876,4.7,28,0.1,5.2,22.3,5.1,694775,0.7,6.56,3
877,4.9,69,0.9,7.6,16.3,6.1,271021,0.54,5.59,3
878,4.5,67,5.3,7.2,25.6,1.1,242782,0.75,6.31,3
879,7.8,70,1.5,2.7,3.5,3,73536,0.38,6.84,3
880,7.7,75,1.3,5.1,21.2,5,475859,0.78,6.34,3
881,7.4,52,1.6,1.6,4.6,3,144303,0.15,6.61,3
882,6.5,82,2.8,2.4,12.8,7.6,850925,0.49,6.99,3
883,4.4,17,0.5,5.7,21.6,6.8,464736,0.59,5.85,3
884,4.5,8,7.8,2.8,18.8,7.5,429996,0.57,6.89,3
885,5.6,71,1.4,4.7,3.2,4.7,886555,0.45,5.24,3
886,6.2,37,3.3,3.7,26.9,5.3,818113,0.49,6.58,3
887,8.1,24,6.8,4.3,4.4,1.7,706238,0.79,6.69,3
888,6,11,6.8,6,27.7,1.6,925486,0.25,6.85,3
889,6.2,57,1.7,6.4,22.9,5.5,818719,0.42,6.1,3
890,6.7,28,1.1,1,11,2.8,848243,0.13,7.01,3
891,4.7,35,0.6,1.3,17.1,7.1,330238,0.4,6.89,3
892,5.7,10,5.6,8.9,12.2,4.8,520120,0.16,6.48,3
893,6.8,45,5.8,4,15.2,4.7,709506,0.59,6.84,3
894,7.4,43,0.7,7.2,7.9,2.9,299255,0.59,5.09,3
895,5,46,3.2,4,7,3.8,685053,0.11,5.87,3
896,6.1,4,1.8,2.3,23.6,7.1,834159,0.61,6.59,3
897,7.2,25,2.4,6.5,23.1,6.7,797506,0.58,6.72,3
898,4.3,69,3.2,8.9,27.4,0.9,652554,0.41,6.3,3
899,7.6,33,3.1,2.4,26,6.4,583190,0.31,5.21,3
900,8,54,6.1,7.6,14.8,6.6,933806,0.34,6.99,3
901,5.7,64,6.3,2.6,25,3.1,387907,0.57,7.25,3
902,5.9,54,5.6,7.1,22.5,3.9,75332,0.55,7.01,3
903,6.7,64,3.6,4.4,14.7,3.9,593474,0.31,6.84,3
904,8,43,4.1,2.5,22.2,7.5,767515,0.65,6.97,3
905,7.7,9,2.8,1.1,17.8,2.3,110684,0.64,5.11,3
906,6.1,14,3.7,3.1,19.2,3.7,56152,0.18,4.38,3
907,5.4,47,1.9,3.2,24.5,5.6,773890,0.17,5.09,3
908,5.9,19,4.3,6.7,3,3.4,810227,0.59,5.62,3
909,7.5,22,2.4,8.6,5.8,7.9,694407,0.46,6.32,3
910,7,31,1.3,8.6,8.6,6.2,233453,0.46,6.64,3
911,7.9,30,3,5.5,27.5,7.1,56101,0.72,7.11,3
912,6.7,35,4.3,5.8,24.9,2.6,645911,0.56,6.42,3
913,4.6,73,2.6,8.3,5.7,1.6,785629,0.41,5.76,3
914,7.6,10,2,1.8,16.9,2.3,363154,0.1,4.52,3
915,5.8,12,3.4,4.8,27.8,4.2,124361,0.33,5.42,3
916,6.1,6,3.5,1,9.9,7.2,682047,0.36,5.52,3
917,7,52,6.5,3.8,23.1,3.5,566530,0.63,7.01,3
918,4.8,29,4.1,6.7,14.8,1.2,239241,0.71,6.07,3
919,7.2,16,0.7,8.5,18.1,1.4,558112,0.28,5.39,3
920,7.9,28,6.6,8.9,17.5,1.6,655699,0.53,6.89,3
921,5.9,80,0.5,1.3,14,5.5,771282,0.65,6.31,3
922,6.6,41,4.8,5.1,26.9,4.6,952747,0.37,6.27,3
923,6.8,23,6.8,4.6,26.7,7.5,150051,0.39,6.81,3
924,4.7,22,0.2,8.1,20,2.8,493644,0.62,6.23,3
925,5,82,1.2,1.7,15.3,4.2,350786,0.13,4.62,3
926,6.7,11,7.2,2,16.9,4.9,268005,0.73,6.58,3
927,5.5,10,5.1,7.7,16.3,8,653588,0.61,6.97,3
928,4.7,24,5.3,3.1,10.2,6.8,201820,0.75,6.22,3
929,5.9,23,4.4,6,7.8,6.7,73409,0.29,5.57,3
930,7.9,16,2.4,9,13.3,6.1,647978,0.8,7.32,3
931,6.7,63,2.3,1.8,22.2,5.6,719389,0.56,6.69,3
932,5.8,21,4.8,8.8,6.3,2.7,32844,0.59,5.91,3
933,5.7,16,7.7,2.4,2.6,7.5,363956,0.4,5.75,3
934,6.2,4,5.1,8.5,22.6,4,7812,0.22,5.58,3
935,4.9,75,5.6,1.6,20.7,6.6,349645,0.14,5.75,3
936,6.5,72,4.7,3,17.6,6.4,259195,0.15,5.84,3
937,5.5,68,4.7,2.9,20.5,6.6,821103,0.1,6.33,3
938,7.3,15,2.5,2.7,26.9,6.5,269936,0.49,6.66,3
939,6,16,5.7,2,8.1,1,427350,0.39,5,2
940,5.3,46,1.2,4,24.9,7,102527,0.3,5.37,3
941,6,9,7.3,6.3,19,7.5,224574,0.12,6.29,3
942,5.8,64,1.6,7.1,15.1,1.8,46164,0.21,5,3
943,5.9,58,5.8,6.7,5,2.3,388309,0.7,6.22,3
944,5.2,56,0.3,4.4,13.5,6,368676,0.68,5.74,3
945,5,61,4.6,7.8,10.9,5.6,116944,0.43,6.84,3
946,7.4,79,6.4,7.3,18.6,6.4,951205,0.64,6,3
947,5,25,4.7,6.4,9.4,5.1,704305,0.47,5.22,3
948,6.7,14,1.5,8.4,1.9,7.2,231953,0.19,6.18,3
949,7.5,11,3.9,4.8,14.3,7,886682,0.26,5.92,3
950,6.1,51,7,5.9,3.7,6.4,73974,0.33,5.27,3
951,4.9,67,2.5,3.2,9.4,1,515843,0.43,6.74,3
952,6.8,64,4.5,7.2,12.9,2.8,553643,0.76,6.01,3
953,6.7,23,0.7,4.7,10.8,2.8,934220,0.46,6.22,3
954,8,33,6.6,3.5,12.7,4.4,630448,0.4,6.76,3
955,6.8,55,2.5,6.6,15.2,5.8,772757,0.64,6.07,3
956,5.5,61,5.2,4.2,3,2.6,644826,0.65,6.91,3
957,8,74,6.2,4.5,22.6,7.7,477277,0.19,5.27,3
958,5.1,4,6.1,7.1,13.5,2.9,268109,0.14,6.02,3
959,7.7,50,1.9,1.4,14.1,2.1,768153,0.57,6.1,3
960,6.2,21,1.3,6.8,2.9,7,774373,0.59,6.85,3
961,6.3,35,4.4,8.4,25.1,3.3,485373,0.76,6.17,3
962,5.1,69,1.3,8.1,13.5,5.4,781566,0.4,5.34,3
963,5.6,23,3,6.1,16.4,1.9,712533,0.11,5.97,3
964,5.4,71,2.5,7.6,9.5,2.9,235411,0.38,6.35,3
965,6.5,40,4.5,6,18.8,7.2,45784,0.37,7.1,3
966,5.7,10,7.4,7.8,24.4,5.9,853053,0.77,5.24,3
967,6.7,7,2.4,4.9,16.2,1.2,8753,0.58,7.33,3
968,8,58,7,8.8,27.4,2.4,123528,0.56,6.37,3
969,6.8,39,2.9,5.6,16.4,6.7,970041,0.32,6.9,3
970,8.1,18,6.9,2.8,11.2,6.6,726701,0.56,6.07,3
971,5.8,52,2.6,6.9,21.2,2.7,124436,0.42,6.45,3
972,7.3,48,0.4,8,16.8,6.5,761017,0.3,6.08,3
973,5,11,4.9,4.5,21.7,1.7,735652,0.69,6.25,3
974,4.4,56,2.3,5.3,20.2,7.7,100735,0.6,5.61,3
975,7.8,52,2.1,1.2,10.7,5.9,479,0.64,5.66,3
976,5.1,40,0.8,2.1,18.2,7.8,630984,0.28,6.41,3
977,4.3,25,7.6,8.4,17.1,6.9,175687,0.5,6.72,3
978,7.7,55,5.3,4.9,12.2,4.4,87626,0.76,5.28,3
979,4.3,12,7,1.1,12.1,2.3,395152,0.42,5,2
980,5.2,37,1.5,6.8,10.6,0.9,117864,0.46,6.26,3
981,5,7,4.6,7.1,22,3,270927,0.51,6.16,3
982,4.9,17,6.9,2.3,17.4,1.6,858893,0.5,6.67,3
983,7.5,15,1.6,4.5,24,3.5,904758,0.76,5.74,3
984,5.5,25,2.7,6.1,9.3,2.6,146770,0.61,5.15,3
985,5.3,75,0.2,8.4,3.8,4.3,641037,0.28,5.33,3
986,5.1,57,1.9,3,1.4,4.9,763499,0.66,6.06,3
987,6.8,10,2.8,4.2,16.4,5.7,829078,0.22,5.73,3
988,4.5,71,5.1,4.3,2.8,6.1,169609,0.63,6.05,3
989,6.5,35,1.4,7.5,1.3,1.8,928897,0.51,6.42,3
990,6.4,26,6.9,4.9,5.1,7.2,70200,0.53,6.82,3
991,7.5,23,4.8,1.6,22.9,6.5,402410,0.2,5,2
992,4.6,9,3.4,2,6.1,5.5,906954,0.1,5.49,3
993,5.3,36,1.9,1.1,26.9,1.4,99065,0.56,6.64,3
994,6.9,35,3.9,5.9,25.9,6.7,963890,0.43,6.93,3
995,8.1,44,5.8,5,21.2,6.4,107986,0.55,6,3
996,4.6,36,6.9,8.4,12,6.8,421464,0.24,6.64,3
997,5.4,38,7.5,3,22.8,7.6,388813,0.46,5.87,3
998,7.6,65,0.1,7.3,11.5,1.5,495225,0.32,6.51,3
999,5.2,74,7.6,5.6,10.7,3.6,865163,0.47,5.53,3
1000,4.5,79,3.8,4.4,1.9,5.3,582128,0.56,6.77,3
1001,8,12,6.2,6.2,18.9,5,531421,0.66,6.15,3
1002,4.4,58,5.7,5.1,7.4,1.9,628846,0.79,5.66,3
1003,4.5,45,6.1,2.8,8.1,5.1,388733,0.54,6.26,3
1004,5.8,72,4.6,5.5,5.7,5.9,532019,0.62,6.33,3
1005,7,30,6.2,7.7,4.9,3.8,999889,0.26,6.93,3
1006,6.9,49,5.9,6.9,17.2,5.5,954356,0.15,6.08,3
1007,4.5,72,0.5,5.4,20.9,5.4,892044,0.43,6.05,3
1008,6.4,47,7.3,1.1,17.5,7.1,608867,0.45,6.35,3
1009,7,28,0.6,2.5,9.5,6.9,66737,0.53,5.9,3
1010,5.2,23,3.6,4.6,11.5,3.5,622295,0.48,6.01,3
